w1,d0,d1,d2,d3,d4,label
10:1.5,1122:115:2526:2299:969:89:651:2459:2486:1926,2187:1488:93:164:790:2867:835:1992:2466:1601,1818:2476:1994:2589:1626:1995:827:1937:969:720,2954:1605:1654:2897:1784:2130:926:1709:2690:560,2476:1451:2829:1012:1556:1364:1646:2281:197:2465,1
10:1.5,2478:1762:1731:1727:1177:2209:2213:932:2809:771,2112:2704:2639:683:477:2115:1242:2356:1676:2070,2450:2581:1559:274:2084:2207:1553:1037:2355:401,977:675:1855:1108:2410:673:62:2698:829:1489,2709:2861:2591:2848:1925:2014:1791:2822:426:1631,1
10:1.5,758:973:751:193:2046:2136:198:1984:800:1547,587:2423:1191:2704:2162:1695:2873:2354:2533:2728,1839:99:1971:2953:1274:2586:287:2322:1452:810,806:2128:2593:357:1127:1049:1891:387:2449:2918,1360:1365:537:2099:2236:976:1370:2165:2784:1089,0
10:1.5,1742:2149:1892:1866:1840:101:880:2596:2932:2161,1739:2135:2421:1018:2657:2552:1771:1637:936:1112,833:172:547:333:626:104:2145:2713:2966:2269,263:166:2110:1311:2684:878:1561:1013:757:679,1299:353:1959:2995:2037:341:1844:248:1960:831,1
10:1.5,2303:1137:1870:2727:2587:313:2011:2218:752:1288,940:2457:132:2778:2363:2143:2495:1423:110:1528,159:2310:2577:2281:212:1447:1854:642:1866:2875,1123:604:2242:1197:2863:1126:126:838:1413:333,2541:754:1202:1304:1005:245:2377:913:1638:1962,0
10:1.5,392:534:466:81:1764:1697:2154:961:1493:464,1368:2278:815:2217:692:1497:1492:360:1560:601,1633:2993:2927:1546:1441:414:2983:2081:1267:2782,568:92:2698:1960:2852:1894:302:2490:175:36,2708:1607:2553:221:2316:1998:1940:273:2695:2768,1
10:1.5,2485:1507:1957:1591:578:385:342:2278:1940:2609,2554:1940:16:1291:2831:1383:2150:638:2321:953,1987:580:2742:1546:1335:2022:907:595:1428:779,831:1947:368:126:871:2960:853:1835:1776:1101,2278:2158:1324:1804:2587:2912:2036:290:27:375,1
10:1.5,2616:2559:1252:1029:2741:2391:1500:122:1772:1990,1303:233:433:932:1118:68:2692:2218:2430:2761,2263:156:557:1838:1877:195:216:1634:2227:2113,952:2334:1992:1378:2951:2440:1457:1390:2281:1358,833:924:444:2824:2128:548:1180:620:2406:1616,0
10:1.5,984:887:1141:2321:2877:2810:2876:2827:863:1903,187:843:676:807:2633:1853:886:1009:2274:1652,2571:1308:117:411:1038:1378:1708:1350:1938:1495,2619:187:2075:1769:2959:549:1782:1950:1918:2432,2355:1269:2356:1279:1442:742:1509:2330:2897:343,1
10:1.5,673:2083:1041:1891:230:1960:1971:812:75:88,1687:235:2541:1707:1532:1987:2314:2816:803:586,627:60:1087:2726:1962:1047:2860:1296:1888:2644,937:2249:273:8:1585:640:1993:1996:2898:1222,1306:1690:2599:265:2559:2570:2269:2437:196:694,1
10:1.5,2894:595:661:1511:1307:420:222:333:2784:378,2741:69:1690:1410:780:2025:980:438:2761:305,2718:2053:65:669:1367:1604:1510:662:587:150,910:2691:766:2045:2797:2570:1324:2767:331:28,2781:2213:621:2218:1426:1812:1446:1871:597:3,0
10:1.5,484:47:1850:1061:1127:235:1955:1787:2014:2823,393:2543:2356:893:1676:69:2174:2210:58:2475,2903:2170:2261:2228:2310:2480:1254:910:270:1275,1114:1962:334:1892:876:1106:1575:1005:2984:2754,158:2071:1230:738:2981:2142:136:934:1498:1405,1
10:1.5,1627:1377:1398:2774:2985:1194:759:2175:1112:1983,18:2219:1635:2630:2317:1798:1387:1800:1324:669,1866:2866:1014:2536:1773:1649:838:689:2238:2668,913:1286:1560:1171:1281:956:2612:2603:2315:954,2774:1494:2267:1560:2335:364:816:300:2911:799,0
10:1.5,34:1911:136:2942:2523:210:1567:73:157:1937,2514:264:336:1134:1789:5:2150:36:230:125,2352:1163:50:1595:2808:375:1989:2817:1497:441,1388:435:1371:74:2409:1445:2641:2093:1221:2308,576:2041:2421:2379:1856:2304:434:1700:193:2349,0
10:1.5,2144:811:130:1803:2936:384:1628:1278:846:527,2855:2445:1850:2730:2365:2862:2072:2579:2800:11,1788:583:1627:873:210:275:1672:1427:702:950,173:2762:2359:1299:126:2119:1144:1667:2647:680,464:1659:1445:1035:127:2236:1820:55:1596:1190,1
10:1.5,1031:2765:2131:1995:2190:1381:2616:182:1068:2992,2050:193:66:925:2625:2152:2552:239:1220:1791,36:694:1784:1652:136:1212:291:1120:2672:981,996:638:2266:999:1249:359:764:775:4:523,2840:1640:2956:576:1478:1765:2424:232:1962:1069,1
10:1.5,1498:575:899:432:1888:1790:2072:374:1724:227,2659:426:1326:2893:2423:1690:2516:1108:370:2524,2218:2136:2436:431:1103:864:1027:2677:1377:185,654:1196:317:257:1781:50:1162:702:1399:1460,718:1391:1928:1992:71:489:626:2333:2544:2239,1
10:1.5,233:1725:1989:593:2317:581:1773:2684:145:1249,386:1512:2778:138:1921:2399:1807:2136:2027:19,886:2570:1535:2499:1339:2988:983:2833:2632:1845,1051:2396:1794:613:1571:484:888:178:2141:1657,2417:2510:1201:297:1482:2789:2692:503:58:1903,0
10:1.5,2082:900:1236:932:1220:1891:2257:173:2914:2865,1056:544:2890:303:1960:177:1223:2678:114:172,1810:1162:1600:1541:2172:2101:236:2766:1276:2164,2667:628:1820:2623:1725:2820:2034:1038:862:658,1098:1868:1228:1765:2700:417:2220:1222:1968:1133,1
10:1.5,125:1915:2408:2147:1641:615:2223:1837:280:1405,872:2741:2671:2141:1542:383:2666:2533:2430:1181,753:2508:2241:431:1747:978:2138:467:2253:2451,564:1030:1497:1364:568:724:450:237:39:1051,2566:1130:895:2288:1055:2152:826:2032:346:1299,0
10:1.5,232:343:1456:1502:1822:13:1655:2845:2269:807,2043:1416:1641:699:1787:904:2824:1453:1979:690,1228:981:564:1515:2416:2561:2654:1768:2056:937,54:2323:1597:1704:1577:77:85:1856:1592:661,993:316:138:1177:1234:1336:205:1133:1019:1106,1
10:1.5,199:2361:2636:2520:1255:1218:1541:2598:1504:1460,1603:1749:599:907:2972:1785:2614:1909:1790:2747,697:2045:2513:2295:2063:526:63:2807:2777:2454,2380:1574:2514:818:1995:1083:1956:51:1841:796,1301:2464:2750:150:1189:2802:412:1195:2644:734,1
10:1.5,1528:1730:954:1575:797:13:885:1246:520:1003,182:423:1057:2626:0:2388:2603:894:1046:2060,1912:289:2120:2552:410:1363:504:1738:2197:2107,2982:1497:1312:500:1596:1920:315:2290:2903:1283,1503:1146:1629:1311:1151:2458:1725:2512:532:1171,0
10:1.5,951:111:2110:2541:2652:2633:1231:2549:1336:1044,2107:2498:2103:2140:789:21:1941:451:1937:1419,1877:2439:1195:1604:2554:408:1917:517:2296:1066,2035:1848:1352:2221:1468:1513:388:1802:823:1653,1633:1416:2118:538:1723:957:1469:2321:1158:2301,0
10:1.5,2020:133:253:2781:434:668:1651:2122:1849:2177,624:2298:2275:2238:2915:885:250:671:2216:1323,822:2972:2079:1808:1298:2373:1331:960:2510:922,1944:2843:294:2039:2499:1924:565:658:529:1680,1159:792:1172:1843:299:528:810:1659:1678:1040,1
10:1.5,2037:2015:1725:797:853:780:2973:1376:1475:2709,1174:976:2257:508:799:1249:1176:2113:1501:1457,2605:2519:1818:933:2267:764:1162:223:94:2862,1037:2169:106:123:1114:1558:2625:1414:2765:962,2854:187:1904:496:504:7:264:2299:213:733,0
10:1.5,225:2140:1755:1940:820:1183:2905:1146:206:2849,2197:2571:1416:129:2570:2089:1251:1815:725:1491,1476:1366:2260:2640:1081:2909:2442:355:889:2634,805:2459:2970:2274:2035:731:1028:1599:338:1701,2428:1661:1744:2955:769:861:1455:2562:687:760,1
10:1.5,1651:844:1106:2071:385:1866:2986:271:477:1326,634:2324:1325:2304:2229:1722:1088:2773:1619:864,689:1542:2812:2038:2687:2551:870:1037:174:1873,1829:2231:1834:1681:140:490:2967:2079:1472:2586,1985:545:1609:140:1447:1665:2551:888:2453:2084,1
10:1.5,827:1502:2350:198:1251:1950:648:2724:1918:244,1442:2166:2771:878:547:1345:2080:2492:892:15,647:681:2715:2589:1484:1737:2580:476:410:2359,2784:329:2747:2499:2434:1724:2814:1171:2753:452,278:1202:2313:1588:202:1823:1890:2037:1010:2972,1
10:1.5,1812:927:2932:85:2515:1869:1547:2613:1572:1518,2123:166:829:1647:19:79:1810:2761:2734:928,1790:1953:1262:1279:1593:329:2313:1539:2098:1421,1389:1548:1385:2541:1932:1105:557:2084:1387:634,383:1211:219:1122:1856:1026:1947:417:1433:1408,0
10:1.5,74:1019:2825:1118:2759:2194:1993:1733:397:1098,2384:150:994:1017:1392:48:2683:2552:1014:1261,284:1061:2249:2441:1242:2576:648:2109:699:1788,567:2390:1305:989:998:2781:679:1572:727:1771,231:840:963:1400:2493:1382:346:369:722:1110,1
10:1.5,2361:2771:870:1918:1909:289:428:896:1842:2312,2540:1449:1752:661:1549:2157:2380:2929:2562:1974,2966:783:2134:2281:919:517:1445:2517:1852:226,1245:1586:1806:541:942:1260:813:134:1220:2986,2009:903:1210:2919:803:2614:1620:1590:1261:124,1
10:1.5,884:796:2248:1978:1231:1226:1766:2371:354:1161,1280:1946:1726:2628:2478:272:2242:1853:2829:1857,1084:1328:2569:1357:299:2949:2414:371:604:1766,285:2005:1463:2819:515:848:2544:2207:1038:2157,216:613:832:1857:2895:2735:299:2569:244:1538,0
10:1.5,85:283:332:40:1542:2645:175:2006:1388:250,2497:1585:1034:1324:681:1952:2260:2999:1789:580,828:2070:1936:995:765:2206:159:1143:2899:1192,833:1247:552:659:1332:2803:2292:1605:843:275,1387:1602:1889:2522:2014:1022:2648:729:387:1130,0
10:1.5,1667:2433:2798:2544:846:1527:2806:1358:735:2013,113:258:582:1814:295:1134:30:1158:2616:1614,1375:1339:1780:987:2074:909:849:2080:520:1697,1550:2264:684:44:62:1826:661:1018:2003:1507,2853:764:343:2851:2422:315:1150:2854:2660:750,1
10:1.5,2200:1408:484:648:1689:868:9:59:326:505,881:1849:127:869:2193:1756:1121:498:2176:2112,155:2377:2611:1101:864:30:897:1659:2923:532,1770:1588:2326:589:2247:2888:2536:1895:2963:292,990:2457:203:908:1975:1747:426:771:337:1922,1
10:1.5,2866:2606:2904:429:493:821:2313:2565:200:1166,205:1730:1742:1686:883:1266:1683:2216:1921:1027,2921:485:1539:2925:59:338:1593:66:1250:1011,391:1007:1469:347:2753:224:2421:2210:174:2760,2140:2316:2309:2783:578:1872:2350:2232:2636:667,1
10:1.5,2852:2097:169:2059:1831:1374:708:16:2507:1139,1254:977:2816:1946:1008:376:995:1197:2534:999,2485:688:47:266:1285:1977:873:2080:1298:1509,222:210:129:922:1301:1286:214:367:672:2900,2738:104:663:2439:2539:1591:968:2618:1437:2004,0
10:1.5,186:709:1160:486:2863:2779:2114:1225:328:255,2486:1880:508:1665:862:1082:2547:2510:306:17,975:1176:2184:449:1527:2149:156:427:2889:2145,1430:1706:946:659:446:1695:1554:2237:2652:2623,1032:1572:226:1394:76:1618:938:1840:2159:2917,1
10:1.5,2357:2287:1994:971:1356:1200:1968:549:259:2570,1824:2097:1855:582:1220:688:2556:1037:1196:1171,1327:2255:1261:1150:1950:1557:2867:1523:320:1543,204:1282:2512:1370:194:2510:909:2671:1676:468,1067:2868:29:296:476:1278:37:449:1736:2846,1
10:1.5,824:913:1635:1775:1396:634:451:1933:1087:839,595:22:2719:61:220:1536:596:1628:2216:1951,111:5:2056:1306:1138:1135:2684:2662:1452:85,2935:570:1619:842:1636:2451:2513:2703:2617:269,1169:668:339:2463:906:2488:1536:132:2617:1428,0
10:1.5,449:383:282:2605:2621:628:562:246:952:2832,2740:515:1337:1117:899:583:2293:1710:1213:2196,1856:2507:274:2367:1386:844:2521:144:2705:1556,2878:1103:1700:1526:1679:2129:2357:385:675:1933,2617:507:2347:2529:847:2672:2286:2670:2302:1163,1
10:1.5,2218:2838:2187:243:1410:2086:1599:154:1958:2283,1737:2671:2502:287:2000:2869:1218:1149:1675:2439,1093:2440:1896:1200:1150:1867:1869:1281:435:2532,1418:772:247:2290:2404:2255:2145:1371:949:2873,341:1711:722:2941:1935:685:1813:2190:2622:2274,1
10:1.5,1550:147:2137:374:322:1770:1080:2941:2780:2515,2751:2892:605:1834:2396:97:353:1797:264:1890,1334:1643:2380:2889:2088:743:2175:2402:1333:2522,1915:855:1779:1824:1338:1411:1956:1196:2086:515,916:778:1038:1820:1596:2504:1491:2025:1044:1674,1
10:1.5,993:1117:1875:766:591:2304:2042:592:261:2423,2645:2429:473:98:1707:2887:152:2663:527:1111,1238:1816:2316:2153:408:0:84:701:776:379,2994:1071:262:1985:2546:2896:1732:660:2920:1340,2145:2727:2165:2139:1334:34:1778:1276:1800:1744,1
10:1.5,831:2029:2684:2415:2401:2418:2578:567:165:192,2462:272:2199:2076:1699:1230:2871:1122:741:78,2393:1576:1669:1471:2311:920:1618:1474:682:23,1940:2315:2011:113:1529:2232:2005:2028:2145:992,998:2525:1345:1069:851:418:512:83:2569:1015,1
10:1.5,2391:2042:1134:2526:2314:2214:1596:1768:1408:2938,2891:165:342:666:1738:2013:2554:2352:1504:1965,1613:991:540:2346:1989:1941:105:2121:274:1100,2642:2925:641:881:332:2212:280:2542:391:2896,2274:1311:5:1850:39:575:2423:295:1354:899,0
10:1.5,459:2356:2558:2958:430:625:1087:2505:1120:2990,1316:741:219:631:1177:1078:70:320:2384:2770,2956:1859:2963:358:2226:934:335:1353:2524:555,838:1088:766:1637:2471:1647:2354:557:1000:1204,971:681:2957:842:1618:1140:1308:1081:1252:2939,0
10:1.5,2267:897:631:899:934:673:2481:1176:1681:887,585:64:1833:1054:1718:1413:2417:2241:573:623,173:74:2466:2428:1794:2653:608:2866:541:2922,667:1266:2397:1350:2762:2994:1789:1607:758:1668,2806:288:2771:251:1702:693:852:83:1370:2167,0
10:1.5,1714:593:193:1791:1032:1899:1668:380:943:171,2706:585:2407:538:2134:1663:1843:90:961:1021,17:2493:247:685:2724:214:1770:1762:2351:2812,231:422:1820:2422:166:1545:2199:2552:705:505,815:242:2003:2976:206:2702:1294:2694:1511:1357,0
10:1.5,500:1125:2244:2282:2829:293:2421:1097:318:449,29:2650:287:2665:707:1085:1217:426:1027:2517,2655:1063:815:729:1878:1740:1602:2015:2961:984,2712:2878:736:2729:610:464:2909:16:300:1668,2545:1574:1669:1031:1051:2961:191:2950:2360:2452,1
10:1.5,2082:2233:2158:2209:103:2319:377:1786:1929:2531,1700:2108:1208:1229:1706:2982:1438:2923:1775:460,2889:1877:1887:329:1870:1847:1737:2986:1167:2066,735:1531:437:2859:1026:2500:2111:928:321:968,850:1212:1304:2181:2317:2007:673:1626:1266:1962,1
10:1.5,1543:2144:1595:80:374:1424:2098:2862:2273:1984,1999:2329:148:151:997:1955:862:1696:31:1837,2850:320:762:2435:1507:2587:2740:2918:1684:2586,127:1079:2078:2890:2015:2731:1463:2282:42:1365,1365:518:1591:768:2098:516:2178:2248:460:2235,1
10:1.5,2425:162:724:2510:1825:995:1942:1860:1128:1003,2609:1668:10:534:2301:243:1073:1478:276:2009,637:2964:1796:520:1383:562:2152:915:561:473,2123:784:2377:2177:594:2120:2353:1107:639:874,458:431:1903:2900:280:2801:2259:852:305:1553,0
10:1.5,1991:1568:2314:1375:2560:2146:1391:871:2896:2051,1780:2738:1171:775:1930:2486:208:1029:288:2304,1229:1120:18:755:1096:962:1078:2601:2890:958,80:2474:767:333:44:2453:937:1860:2016:1194,2986:823:1079:1030:864:2644:2084:1995:1313:871,1
10:1.5,391:532:842:1165:696:795:2890:2294:332:1767,988:2394:1632:128:1068:55:2710:724:2963:1742,2903:2996:458:1819:2172:2067:976:1327:1313:2491,2851:2062:283:2447:2518:494:2924:1960:981:2348,1014:2938:812:1717:811:2229:1690:2859:1279:668,0
10:1.5,2410:335:1801:1204:441:2224:559:244:1728:1496,424:1501:221:243:138:2941:346:2098:133:32,2619:1448:1879:116:1923:2546:2913:938:367:2575,2734:499:1659:1502:2710:2789:66:1799:2443:427,1636:1867:1534:1664:2628:2058:74:776:1090:1776,0
10:1.5,1024:2759:1012:2389:2077:1330:42:563:819:166,1614:2823:426:488:1676:1893:2082:168:846:639,34:1318:2709:1081:23:2672:2470:1114:974:1098,2334:1246:355:1691:385:1833:2915:2117:694:1979,2004:1630:2503:2294:2746:2266:530:81:26:2890,1
10:1.5,2193:87:2950:753:1141:1927:2082:662:2942:495,2110:1240:828:360:1584:1822:1399:293:2259:2260,309:812:420:740:594:2279:1876:640:102:1157,2707:2557:344:1445:2356:2552:1517:2490:657:1794,2405:328:2928:1203:1801:843:886:1498:2823:974,1
10:1.5,1230:361:1118:19:2084:1742:1695:791:2946:2346,923:1400:2496:421:2562:1965:2761:2760:1241:951,155:1744:596:2987:1797:965:1902:1334:2922:2571,988:2375:764:1292:1653:2518:425:1745:2239:478,1367:232:975:2685:1811:2060:714:89:1491:2351,1
10:1.5,846:2951:2887:2623:1410:307:2723:782:1104:2882,2012:1156:2867:65:267:1199:1563:2773:563:10,854:612:360:2360:2311:1786:2311:917:1742:1771,1246:361:1206:2425:1389:1427:2060:2563:1030:1401,1040:2493:818:1013:2841:224:2613:913:262:1688,0
10:1.5,2119:2250:2148:442:103:1452:2587:1197:2789:2742,2650:26:688:1657:1959:1668:40:116:2382:1478,2327:2422:2968:2174:2098:2532:2371:2383:1227:211,603:1264:1765:2838:2309:570:2858:83:1234:298,2137:2080:521:1994:1542:159:450:1494:563:2725,1
10:1.5,2032:2816:2209:2135:2941:2729:206:1506:451:1327,438:209:472:674:2632:2647:2329:1551:1665:2122,1146:2250:851:1223:1103:688:771:2622:1943:2384,1365:591:2698:1563:2641:703:147:2189:1755:1758,208:545:2035:814:763:1272:2704:2028:2456:2609,1
10:1.5,2797:609:876:533:542:770:1410:435:367:2166,291:1682:876:1656:1175:2721:809:260:330:817,957:1721:308:824:289:1455:2075:230:1241:45,1395:234:1437:1070:1483:1459:2281:1681:779:1487,2972:1908:2280:305:54:673:1217:2440:556:1991,0
10:1.5,2654:1784:471:798:2880:1255:2399:352:440:1272,1247:1710:873:176:28:1545:1391:1740:2626:2705,580:997:1838:2668:1477:123:596:1869:2859:1121,751:2698:123:944:2904:1626:335:2743:337:870,798:1806:955:809:1024:1910:943:387:2028:1593,0
10:1.5,2034:2155:765:1182:2947:2534:2599:358:2359:2629,1473:1276:1011:210:2790:2294:519:183:1647:1923,2941:2030:1228:1577:117:2477:2204:328:2906:1908,2157:2310:2981:2876:2468:564:2708:2215:2487:2060,88:1299:2514:1948:748:274:2287:2875:444:429,1
10:1.5,1307:51:1000:1447:2571:636:1201:2876:117:2168,2112:2035:538:1110:1089:2983:1947:645:277:1882,2477:934:1280:2950:988:2181:319:414:251:32,2482:1248:2264:1776:2886:2560:512:2936:1229:2080,592:2442:437:836:1294:1982:571:2555:109:2337,0
10:1.5,2831:2852:464:2874:2310:820:2664:1738:1483:1128,2520:1718:1626:566:1011:2009:2409:27:2559:2169,1305:1121:1145:2216:1419:1252:332:1062:596:2893,887:2312:1254:1789:1664:59:2786:1527:1096:1340,2458:2319:2156:544:1445:47:2475:46:540:2930,1
10:1.5,124:88:929:1308:1120:2633:1630:474:1621:2941,2312:2157:1839:323:1422:2352:752:1311:30:21,613:428:2355:94:1846:1136:957:2379:1928:1009,2792:2403:1598:1684:784:2208:1679:1566:1599:1549,813:2623:1798:1201:952:2632:1875:450:1582:2118,0
10:1.5,2603:151:256:1562:1086:2951:596:336:2364:1185,628:1501:1824:1331:2448:455:1275:2255:279:607,1778:418:2882:942:2029:2069:191:2831:1964:594,2173:365:2179:2091:2940:1875:2801:2747:2559:1770,42:590:607:867:1933:2855:1079:1093:2996:2746,1
10:1.5,2517:293:2798:592:1612:1029:2945:576:2807:2262,2199:2638:1097:1075:2104:13:2737:2727:1562:1631,2898:2435:775:2060:1995:1547:246:134:1900:2114,452:1684:1067:551:2693:833:1564:1969:550:2502,223:2537:787:2566:225:2641:1651:2696:239:1561,1
10:1.5,1627:1299:416:668:2384:2532:2224:1845:1634:605,1719:2018:467:2505:2705:2682:381:666:1607:2588,2330:280:2560:2758:1430:641:1382:25:1904:2845,919:2976:612:59:2610:2286:2639:2596:2746:1967,2239:258:2086:2244:2229:1793:3:703:1923:446,1
10:1.5,1046:733:2451:2332:52:2820:591:1940:2993:2704,177:118:878:1973:1903:1227:2661:651:1301:1202,1863:2633:1714:2318:2716:716:2098:860:1173:1234,1960:1974:135:2243:1131:1775:955:247:179:1399,2667:521:877:2701:952:1523:1786:2550:2220:296,1
10:1.5,814:815:2315:1060:2998:1077:585:1501:552:986,2745:603:1478:2408:406:1550:219:600:2690:1292,164:1116:963:1383:2312:947:1382:768:2718:2309,380:848:646:1867:1352:2270:1199:2431:246:446,2032:2001:241:706:1389:2822:369:496:497:905,0
10:1.5,146:1679:133:2250:1623:2955:2745:1036:1528:1839,579:683:1439:794:628:2178:1106:1658:2245:1788,408:1997:630:1616:514:925:186:2114:783:1692,1913:1331:687:615:2322:1257:733:1227:620:1886,2634:1825:1354:2502:1246:22:878:2629:1965:2785,0
10:1.5,1728:136:1914:93:2189:51:95:2228:2792:2458,2522:393:1138:823:2620:422:638:316:1006:945,2742:1404:960:2913:2557:38:1077:589:1373:1563,1905:2702:2834:824:311:2537:1915:2206:2589:2606,2059:261:1487:1404:2822:1240:1185:581:2895:238,1
10:1.5,482:476:295:1499:1857:2655:117:1763:2245:189,2894:1917:908:1105:1112:2534:285:1978:2412:2030,678:167:2373:2485:1950:2167:2945:234:1401:2159,2201:948:240:2335:2719:219:2934:1189:1504:66,2134:2132:2441:2428:318:2733:1636:685:2897:450,1
10:1.5,975:2962:1684:2785:970:1181:2030:1066:2326:270,2797:2819:532:1751:183:22:89:2241:1906:1988,2114:168:1156:2310:359:2557:1855:1261:236:75,1306:1427:2923:1617:2333:363:2810:1624:2496:1994,2380:744:1477:2267:2069:1775:909:693:2776:37,1
10:1.5,2371:1818:824:1645:1341:2911:2217:2977:309:1578,2656:1704:1696:2638:2356:1985:1891:2449:819:287,143:112:654:1190:1844:1654:2159:2090:126:2561,645:2945:104:2539:1335:90:288:974:1186:825,2851:281:1749:1641:825:2086:46:592:865:1250,0
10:1.5,2802:1832:939:127:1526:2415:2273:1244:761:2464,1422:386:1847:0:2287:1415:1001:506:867:2929,1282:2392:1155:1170:891:145:1891:2701:2482:2548,422:1441:2969:1663:2763:249:975:2822:250:2394,1919:475:1204:1706:2440:1058:1713:2807:1831:434,0
10:1.5,782:24:257:1697:737:1602:2988:1862:2488:525,1236:1764:2090:1380:1807:2343:974:2311:521:2600,2159:883:1383:1504:307:1136:2977:2586:281:385,1481:725:1692:451:1998:132:112:2324:1768:719,2008:1836:2795:1248:546:2925:1182:664:1074:2882,1
10:1.5,980:2241:1999:2944:150:2525:2147:2145:72:1146,2216:2049:2291:2578:884:1898:971:935:1233:755,586:572:2004:1515:373:970:944:230:2627:1760,1654:376:1637:1994:501:2114:1758:1215:1514:1639,1293:2604:293:2416:70:1078:1855:1018:2306:2994,1
10:1.5,89:1708:1882:2596:495:2822:791:854:1436:228,2006:1898:2265:905:1157:329:1872:1254:2676:32,909:876:722:1759:1202:874:1536:1209:1228:580,2968:2494:247:1487:503:2085:1588:200:1405:1851,2578:915:1059:366:1048:2691:438:2299:1395:428,0
10:1.5,2811:513:2986:619:2516:2834:1890:1204:1717:860,1853:2754:179:2418:1381:1471:338:1992:1321:2881,609:303:1673:7:23:2281:1265:1667:2873:66,2200:552:293:2660:1566:2971:618:1203:202:905,2820:2958:1955:1105:1344:2238:946:806:2636:21,1
10:1.5,2193:1159:2193:313:2416:1961:1692:1609:2720:2358,1978:2167:258:2444:2410:489:2298:2980:1704:1278,256:397:1474:1533:2995:219:2137:2685:1578:1601,1958:670:1865:539:2247:2163:61:1590:775:2063,2498:338:2663:2428:1547:1012:1115:914:1888:1855,1
10:1.5,2457:110:942:1038:137:486:1605:87:1562:181,1940:66:2209:2920:2656:744:2229:265:2228:1455,237:1873:964:551:1843:2949:979:1907:2990:475,2762:2451:920:674:2299:214:1715:877:231:1751,339:2698:1602:1486:2213:387:1097:2949:1558:64,1
10:1.5,34:1635:294:2644:442:1232:1639:2858:494:1372,406:1480:1752:759:856:369:2172:577:2288:1440,1568:1987:2702:1890:2205:2215:2122:2125:2019:1452,874:1160:737:485:2578:1236:2422:1678:782:17,2621:2643:1600:1406:1008:668:1621:2819:2123:1863,1
10:1.5,2586:2750:1233:2534:2232:263:680:1251:91:2601,1478:2378:1162:649:134:965:614:151:703:580,1182:1422:635:1968:2619:579:706:981:1162:778,1110:1494:903:157:850:372:1880:2629:2347:1460,2713:1258:404:1571:607:1566:1675:167:2728:1711,0
10:1.5,1816:1905:1630:752:897:2580:1798:615:750:1122,179:1711:2749:2755:1327:2207:442:1062:2880:267,2915:149:1909:1554:951:226:468:1800:2850:705,109:29:1512:663:2978:1030:69:916:415:730,328:1141:2033:304:2368:1256:253:414:1881:1312,1
10:1.5,675:520:961:787:2671:566:912:1039:142:1709,1398:2098:151:1251:2939:975:701:2096:193:1846,441:1422:1176:2237:849:2912:1259:2981:850:211,836:563:1649:1502:2384:2803:491:1380:260:2971,1525:1551:2935:2428:2925:1086:1842:695:240:860,0
10:1.5,1904:1843:2560:2962:1106:2328:829:557:703:2341,608:2789:2661:1397:1855:1777:2010:945:1715:1802,1842:2600:1943:2731:2601:1367:1165:2906:2261:38,2959:2946:195:561:307:1671:206:834:2788:2284,1742:721:1935:2936:1983:469:1346:262:1153:1376,0
10:1.5,2850:1739:2377:67:1889:2618:1910:1842:35:1749,2015:2068:886:1172:1334:2164:174:2999:516:1694,364:2751:646:906:1724:2454:2733:280:2108:553,1979:1189:1396:541:2050:1706:2861:1471:2881:1125,1717:2810:2463:741:2123:2495:1042:2357:1864:676,0
10:1.5,2594:679:1523:2986:526:1994:2728:2596:2347:2704,453:2819:550:2708:1459:2752:184:27:2098:600,2501:2939:1382:1791:2859:1837:1521:470:1030:2403,1171:2812:1054:1366:2117:841:1538:1953:1296:1941,1342:2682:541:1208:1641:379:691:2641:2005:2475,1
10:1.5,2473:1285:676:1134:2685:1299:2875:258:1159:2423,852:1484:1198:1951:2478:1441:1769:1179:1860:2074,1868:2886:2793:652:2097:385:418:2211:2217:259,1067:2258:1166:2840:2324:111:2375:91:1392:2148,1652:96:1883:424:718:2181:709:1953:1452:1827,0
10:1.5,2044:1960:357:2427:620:87:2507:2327:1311:2182,2676:2610:1353:2276:2783:683:646:2190:2171:900,1896:1879:1721:1664:1850:1817:636:2329:2206:1304,877:1731:275:899:2289:1620:1509:1186:838:1364,2478:1309:1255:2829:739:1701:1693:601:2785:560,0
10:1.5,310:1153:1499:1582:993:907:196:1939:1959:2613,2384:1536:1822:1585:1402:153:1198:1665:2105:847,2722:1279:1201:677:2476:1020:2319:308:2258:1777,2542:2812:2526:1430:803:1903:1920:2513:611:310,326:288:2128:211:299:766:1348:2827:2165:1859,1
10:1.5,1938:2013:70:89:2423:257:2055:2471:365:2840,2878:432:548:162:2408:1794:434:2881:2287:2397,1621:2583:476:1886:1227:596:2325:1696:2999:1643,2649:1030:747:2750:544:1124:1699:1385:281:617,2924:344:1144:1559:1965:662:2037:1484:2345:549,0
10:1.5,2272:2707:1659:2258:1266:671:1120:1148:1258:293,2456:2380:184:674:1351:1283:1408:991:2821:1078,775:1891:333:2622:157:1090:2381:274:107:1060,965:133:2311:1251:2428:674:2956:682:32:1945,1364:1939:2453:2010:2903:1452:2904:1452:317:2052,0
10:1.5,2362:2052:1721:391:1365:626:1279:1198:1272:802,919:534:2357:2946:330:2304:2879:368:1486:1566,652:2250:1024:2637:871:2379:502:2814:2953:1221,1646:984:2286:2059:2073:944:2783:2759:2346:2824,616:2683:2964:1724:1721:1154:1233:1520:643:181,1
10:1.5,640:2101:891:766:1557:1825:764:140:1404:2735,2979:990:1637:246:2045:186:2204:388:2497:1078,237:938:2861:2168:259:2647:2668:1160:730:2027,2303:1786:2710:512:919:639:186:2339:908:1932,2858:1645:1010:1263:1380:2256:2346:2010:2944:2928,1
w1,d0,d1,d2,d3,d4,label
10:1.5,1827:518:2178:2206:2633:2197:1315:1240:1766:1027,175:82:764:1017:213:773:1487:2518:426:1086,372:988:1195:198:2646:849:127:875:2186:2784,270:121:2297:2711:1396:2774:2649:2899:382:1811,2737:2677:1706:2486:846:1509:2289:1762:2232:2702,0
10:1.5,1300:2472:289:1636:370:998:1734:2102:438:2727,1649:2872:2553:1781:1706:380:491:1717:1011:1547,2598:2458:1798:383:1738:1365:1223:791:874:482,1924:2651:2048:350:259:2710:472:1669:428:2312,2920:2695:2535:605:2142:1948:360:1289:1178:1151,1
10:1.5,435:876:962:1614:418:2:937:1249:212:1062,87:1141:2965:506:1084:1958:2923:2055:2388:1838,256:1292:992:739:2950:996:1101:1022:1605:1674,2188:2761:2046:48:1185:1894:434:635:1868:319,2224:2088:1660:1820:98:420:2028:160:783:21,1
10:1.5,1131:1465:2039:839:364:777:727:42:427:2808,1766:2377:1398:2272:2986:2190:257:577:2229:362,1472:88:1507:1470:2440:2980:557:170:942:2394,1146:2486:2906:2068:2409:2083:1997:2413:1793:977,1144:2038:2914:1610:273:874:524:2485:2403:1757,0
10:1.5,2181:2167:1308:2280:2162:29:175:2582:2676:1085,2905:1954:1638:753:1994:111:2261:2701:2889:2791,1230:2140:2563:2837:95:1098:817:765:2291:1554,1225:231:525:1373:675:2628:606:196:919:276,906:1695:2978:1232:2835:2930:393:2985:653:2648,0
10:1.5,80:1596:2809:1959:1507:1817:1915:678:266:332,1234:2535:1509:184:2402:387:1867:2032:1459:1962,1433:1736:2308:1780:983:2915:931:44:952:2079,1082:502:2366:1825:265:596:2350:484:1317:1593,535:898:2562:1953:2873:397:1973:2344:2602:75,0
10:1.5,2050:2793:1402:2070:1920:2747:1964:136:316:318,2561:1557:2601:1333:1674:205:1819:1223:2564:491,1989:2790:397:616:2446:2657:2916:2313:941:2659,2924:2197:2406:2845:1961:23:193:670:1110:2580,2516:1166:983:926:1942:1239:2642:2530:1348:2386,1
10:1.5,130:1278:397:1548:243:2045:229:1025:96:272,2635:541:1103:2805:513:773:740:1628:2867:2064,229:2143:121:2717:2034:167:2336:2876:1621:152,2256:1690:2657:2191:1712:1605:795:989:2709:236,521:764:1699:2481:1095:1183:526:2297:2336:1159,0
10:1.5,1546:506:1007:619:2285:1395:856:2165:2943:2341,1137:2705:2846:72:798:272:1056:2406:2178:1663,1084:539:751:2744:570:701:827:478:2984:1058,1328:759:650:1933:1434:1350:1325:1811:2172:77,1751:333:1927:2650:1098:1803:1849:2028:174:226,1
10:1.5,551:2013:2215:1868:1286:817:2843:1445:2171:379,429:1413:2145:1373:2114:2961:142:1302:413:2890,1643:2805:2196:2530:372:2317:141:155:442:1763,2320:1035:1433:2520:429:1903:750:1756:2858:175,505:1038:1806:1478:292:1921:1886:488:2054:523,1
10:1.5,1145:1643:1265:973:998:2172:372:621:1712:488,2138:2649:1081:1301:1714:1887:2908:497:866:432,1337:552:2003:1966:473:1360:2168:1124:1617:2187,28:2784:2596:157:870:1197:596:2364:2037:617,1606:1481:1552:1492:1911:1659:1100:2200:776:691,0
10:1.5,2478:1595:1780:1633:2005:1141:2134:1620:2073:2454,1917:2252:1211:2301:1901:140:1596:2581:1906:1303,2681:1947:1310:1153:2034:2391:881:2289:2422:1163,1856:2078:190:1096:1476:346:1293:2770:2849:815,573:1436:1058:886:2182:2428:2463:1833:2249:2621,0
10:1.5,842:2666:634:1388:76:1010:2591:2292:1650:1833,2230:1889:995:1434:2255:2419:517:2782:2784:1684,367:2959:1492:77:1704:2108:2306:2212:1672:873,1505:2436:2145:2572:1079:1758:1317:346:2318:1018,494:336:1752:878:1958:2234:689:2903:1141:1264,1
10:1.5,1716:2312:56:1950:1836:1464:738:2917:879:1705,2742:1410:253:2420:1405:728:2077:1129:2839:2207,2634:1563:139:1493:980:1464:327:2262:1099:2797,1719:2564:2357:333:1009:379:2005:1757:372:1940,2393:2201:2976:1265:967:1773:2208:111:1821:1042,0
10:1.5,2654:1718:697:1844:1458:83:526:2174:1478:348,2024:2154:1617:2800:2394:1929:1174:1264:2458:938,1716:722:762:2154:1029:1282:1800:761:1353:1246,2903:2966:2168:373:2754:925:1107:435:671:476,530:1443:62:458:1618:550:397:1538:1762:50,1
10:1.5,1058:2647:2820:2784:343:466:625:1676:2622:568,579:594:2883:2117:2802:1834:962:631:2408:2228,1638:970:671:2839:2426:604:2355:374:944:1206,81:1379:2468:996:1427:1595:2843:485:1707:1085,606:987:2952:1309:2315:2449:142:1392:432:2463,0
10:1.5,425:789:986:1944:357:966:2476:805:246:1518,2688:2597:1162:2536:2783:932:1887:1625:2308:2592,1595:1725:1968:860:1234:2859:425:2443:1016:2487,952:858:2711:2570:1687:2801:626:198:2443:604,2518:1185:2378:199:1923:136:1628:1773:2072:2325,0
10:1.5,2309:1586:1588:862:2981:1637:444:1884:1311:2586,642:2167:1099:2095:2394:2602:309:1471:2707:1334,2739:833:2662:2377:2633:2707:2820:1341:1444:768,1168:2500:2983:368:2873:1256:668:2745:1933:428,991:710:710:1718:2329:2001:1942:469:940:2209,1
10:1.5,2223:176:1251:607:2525:73:2395:1403:1383:2797,2435:2892:2653:2928:2155:1922:884:2465:864:2208,1184:96:1182:82:230:2764:16:2989:41:454,1217:2020:1460:2054:2241:2848:739:2710:2889:548,1189:836:361:734:922:299:2512:2121:2690:495,0
10:1.5,678:2762:529:2835:1942:2062:2898:1943:151:376,2771:1035:1729:294:582:1851:2398:2867:1588:1708,365:930:399:2816:1549:2343:2869:2088:1588:1376,2356:1435:25:913:680:1506:2355:1350:2263:1656,1100:999:2079:280:2976:2368:2429:568:848:2903,0
10:1.5,1243:2491:496:401:2615:870:1553:2316:600:675,2661:925:1532:867:1039:1452:997:2413:2073:200,1443:173:2622:1360:557:2371:1683:956:1526:2051,2740:37:2191:2609:666:2369:1363:334:1847:2349,2202:13:2650:1874:2594:966:163:158:2428:1792,1
10:1.5,2541:2615:707:729:2692:24:2568:1205:971:420,2431:199:1878:2446:865:1038:1168:424:425:2214,470:2270:367:1896:219:822:1341:567:2538:2402,298:1481:2152:964:27:1584:1280:2223:660:2498,1589:1981:2800:2702:1538:2009:2722:2999:146:1157,0
10:1.5,132:537:1503:2295:680:2806:1426:2248:1105:2680,2652:1049:493:2519:413:1303:1344:529:1779:2805,2022:2424:2017:470:431:1385:394:2067:477:1990,960:324:159:2687:2783:850:1349:649:1292:1518,1420:1459:2922:2367:2694:2420:118:2125:1393:1117,1
10:1.5,1950:1775:2148:1757:625:1792:1658:2841:2153:1715,1824:1308:1071:599:1689:2971:1712:7:2397:2669,278:2185:2751:1165:554:1849:1732:2814:1559:1654,791:1731:1297:2146:134:824:214:676:2267:2299,888:2153:1854:241:1949:1038:1284:874:247:2639,0
10:1.5,2547:1173:1920:102:1729:2147:2780:993:1096:2113,2800:2803:1167:1558:1512:656:824:1992:1192:1035,1355:1611:2769:2349:1983:1458:160:520:516:1259,322:2381:1792:2426:1164:2928:1430:2754:1379:1181,1081:2020:702:2653:2724:1465:2161:2577:1548:683,1
10:1.5,1931:203:878:2749:2880:1446:398:666:811:2299,2057:1200:610:1279:896:569:2747:2273:504:674,1655:70:2552:2634:2230:1469:294:326:1637:1955,222:2370:2335:2256:2461:692:2723:16:2900:2665,1389:723:1689:1667:1457:2663:1607:1918:2896:693,0
10:1.5,803:786:595:2695:1231:2074:714:765:2633:1447,279:2563:1967:2034:2981:2009:606:1599:2087:2099,2544:1648:970:1108:2499:2000:1649:2996:280:2553,2082:2569:146:167:2736:335:2873:2992:1366:1359,1861:1218:7:2126:1482:1755:694:1596:2323:904,1
10:1.5,1903:259:2389:293:2876:2919:1172:409:1413:658,2262:1222:2432:1811:1639:2397:342:1003:2155:2351,2918:357:967:123:1629:2628:623:1420:2945:2444,1163:1697:474:1558:2077:33:2645:650:1829:2724,2285:592:1473:1361:32:667:1056:2157:2379:1394,0
10:1.5,1750:643:2065:1148:445:2722:2186:2377:2413:40,2521:2888:2088:1346:113:345:1702:641:2156:39,2576:733:980:2318:2375:520:1006:1749:1311:2278,2804:497:444:2786:2333:551:234:2175:2785:1556,1027:338:2598:109:2933:154:2202:42:955:2615,1
10:1.5,1476:59:483:1727:1520:373:1026:555:407:1392,2407:1783:1983:458:1744:2092:1304:2198:1641:1721,2113:551:946:2359:2428:796:833:1853:845:2216,1318:761:122:1227:928:2935:333:2764:1175:1410,1036:272:1598:1907:2798:1533:119:2644:2826:1780,0
10:1.5,1057:1111:765:1333:2901:2561:286:39:2755:2126,2981:2468:1832:126:408:1117:310:2445:2563:787,2939:36:1521:1982:1061:2188:766:549:1938:1519,2794:304:2921:386:635:447:759:1430:1092:2446,278:136:245:2906:293:135:2233:1756:44:603,0
10:1.5,313:1054:1988:2817:2726:2160:262:2268:423:1199,1029:2313:1683:882:2132:1359:1491:2870:1745:992,714:1083:1428:1824:2715:2081:2296:1456:2444:1681,263:1615:828:1041:333:2600:2456:2092:1578:621,711:844:1865:2900:2814:279:2280:1464:2908:1102,0
10:1.5,138:1981:1809:2476:2556:136:2269:532:1584:2097,688:380:2337:1146:1220:1714:2391:2550:2676:2480,1402:751:1489:1734:2316:1767:2412:210:667:2687,802:2933:461:880:437:523:466:77:2598:2764,2695:1674:2368:2220:437:135:1473:2507:1460:254,1
10:1.5,1009:1341:1237:7:2265:529:1601:2978:797:2739,715:2094:927:2605:218:1167:2659:840:963:35,511:1486:1533:2476:1934:1380:73:496:1630:1438,2017:1735:1882:2883:2156:1020:965:1739:340:2234,1770:985:1472:1688:1035:709:2998:1384:2577:656,0
10:1.5,2598:149:2363:1052:2341:2378:1179:412:2276:599,115:2762:952:485:2991:1808:2649:1658:2247:1621,1674:753:216:496:1319:2722:1025:296:790:1783,67:865:2294:811:1582:430:411:1115:1265:2405,2566:444:757:2699:865:2228:854:1371:449:2500,1
10:1.5,53:1530:1105:1362:2613:1002:1982:689:147:1434,777:2906:2616:359:2365:486:603:2411:1575:778,2835:223:1437:1344:2047:1492:1539:191:1508:1025,1609:1982:2860:1207:567:1076:2531:2918:2964:2035,2905:2011:99:1226:2597:2287:35:783:431:1783,1
10:1.5,39:619:582:320:2907:681:1443:779:1789:2731,148:1752:52:2003:1976:1992:1687:2855:538:2855,1627:2851:2999:2846:2149:2171:979:418:730:599,1774:2689:343:1711:1155:2713:2302:1978:3:918,2199:2168:634:2817:515:2528:2318:769:1814:2553,1
10:1.5,1009:2225:2990:626:2172:118:1765:1875:478:658,320:580:847:1720:283:1221:697:1833:513:1969,2420:2700:2244:1183:1639:2983:1634:2776:934:468,782:2112:239:2739:1036:1141:2487:353:2899:2134,1874:2810:2896:1692:973:918:2811:1224:2265:225,1
10:1.5,2002:899:68:1519:76:2278:228:493:292:2665,1594:2214:90:2778:1171:435:195:2033:350:2729,401:299:1832:1869:1580:2816:1574:1483:959:1043,2814:379:1363:2374:529:1483:653:2763:2015:978,2968:2565:2111:1464:1125:2037:392:1187:2876:553,1
10:1.5,333:2004:228:77:1417:1965:2848:2222:154:1888,488:2511:302:894:1930:748:1365:2347:1316:1770,2684:1880:898:195:2928:1221:188:2735:1994:1370,2739:2753:1747:1992:1382:2732:305:1843:886:1621,67:458:1004:2379:2099:2140:1324:942:1513:1671,1
10:1.5,2155:824:127:401:295:2418:1359:2378:1128:884,546:1625:970:1428:470:463:535:1951:366:2525,1858:512:1180:1948:856:2807:2697:1988:2082:1422,148:2348:2083:1417:123:704:1570:1264:51:521,1229:1265:1125:856:510:685:256:1236:305:1971,0
10:1.5,690:1564:1734:2232:1449:2078:1774:2255:587:880,1037:1444:2082:1829:1330:1973:593:681:2702:466,1191:2693:1279:591:2369:2417:1957:381:873:507,734:2005:1991:2415:1865:311:1612:2590:2044:2315,1863:2465:2441:2595:646:1172:942:744:1070:2949,0
10:1.5,645:820:1396:2387:142:2278:2199:2709:1073:2657,1865:1451:1527:2183:304:413:579:1926:1732:1962,482:84:1512:1918:2852:1943:1231:1753:1677:2590,1810:1431:2743:2035:1737:1200:105:2602:1049:2488,2793:351:1302:1493:2439:2401:133:2433:1771:2393,1
10:1.5,986:899:1538:1711:1050:1205:1070:1837:858:784,164:701:1000:2793:148:1370:1002:1838:363:2711,1109:1777:2830:673:2046:1553:643:2847:2332:2114,1266:129:1010:1074:1153:1231:1687:2361:1795:1461,799:2375:2352:1842:818:2743:2341:1337:1349:633,0
10:1.5,2435:129:2856:824:2462:2840:424:1099:2336:514,2192:1152:951:198:1960:1288:1109:2392:2431:403,2794:1537:1467:1313:291:2230:1576:2538:623:1120,1414:2494:2831:1235:199:507:2424:1957:2075:1893,1293:2771:2242:1693:2022:2147:70:159:1165:1294,0
10:1.5,2909:530:1504:2920:2940:2162:1093:2005:2136:2356,2652:1997:1679:965:2982:1075:2600:2545:98:2392,2399:247:1751:2428:1602:1305:310:1494:1299:2253,2527:1050:772:2032:2196:829:2916:2718:1609:2698,665:1052:2252:269:316:809:538:2716:1046:892,0
10:1.5,542:1661:54:1303:2970:855:93:1103:1012:1324,2223:259:1521:2606:1039:2559:1338:2685:2204:1916,24:391:2791:887:426:2893:1490:1134:1566:2412,1449:901:1426:1401:896:682:63:1110:2930:2874,1053:1702:575:398:2681:661:1265:1650:700:2803,1
10:1.5,1063:2091:876:279:2822:687:1958:1683:954:2162,2494:2875:2578:1992:909:2945:2791:2027:345:2760,664:2574:10:2191:2317:1054:21:1181:1992:507,1328:2142:2917:1739:371:875:754:335:1419:736,2798:1053:899:2163:1697:1177:2259:1923:2149:1631,0
10:1.5,1471:879:2572:527:2942:2197:381:1425:1066:811,2581:2042:2182:2016:2953:915:823:2959:2368:2983,1836:2936:2797:2780:1182:1490:2731:2176:1781:1224,363:374:1395:194:2447:2913:1755:2126:2652:876,2582:142:774:1041:2405:1561:586:2047:2785:2117,0
10:1.5,1912:1949:1837:128:318:389:1511:2125:1101:222,842:304:1054:1920:578:2958:728:1056:2906:370,1947:2045:1249:1839:2985:91:2133:2307:1113:1252,2142:418:538:25:38:1135:2728:2791:1920:2278,925:1148:799:2045:2054:760:907:2350:1521:1411,0
10:1.5,1168:320:825:670:2298:505:2677:2760:2718:1371,1372:2267:1996:741:1462:2784:1828:269:1841:1109,2037:486:885:1303:890:178:54:31:1073:1594,1988:1569:118:810:2529:11:1585:2168:1127:2567,776:1178:1719:360:1939:1520:806:170:1337:2926,0
10:1.5,679:798:2164:1988:58:1098:687:1745:777:1337,2590:2623:1226:2436:31:1567:2124:596:1263:2689,394:2243:1906:1180:127:67:2808:2421:2733:237,338:1622:2563:2011:2588:2424:2169:1126:2351:1031,2115:2736:2055:2259:2599:1440:647:1331:283:1655,1
10:1.5,1598:1868:1574:1156:2392:509:139:96:1931:1552,276:1990:1970:1141:1027:2736:683:951:1721:462,1624:2502:2523:1849:100:108:306:1338:1408:703,230:1877:1087:2720:2334:2879:992:99:2192:554,270:877:982:50:1637:1889:1776:1409:136:1251,1
10:1.5,2972:395:69:1576:244:321:2318:2834:2053:2975,1804:2561:2426:699:386:2037:425:2580:2345:1356,574:1178:1823:607:2943:809:2586:345:1934:663,574:1927:2192:1436:235:2697:913:2822:2457:1714,981:1688:1447:2707:964:920:1844:2628:2690:1157,1
10:1.5,55:2596:1462:830:2156:389:1764:1208:489:1848,345:1738:2856:2597:1653:714:2365:2459:2913:1407,2696:678:1858:2189:2967:1157:1648:2438:140:373,635:2396:2276:336:1612:191:1617:1409:726:1270,1:433:1307:796:104:76:2207:1956:1860:2288,1
10:1.5,2101:1188:918:400:1699:1039:500:2570:1575:1525,167:2591:1478:748:1042:2861:2713:490:2937:689,891:2979:1361:1324:949:366:2508:2149:1385:597,1316:2889:446:2089:2226:2038:2598:1953:1111:2659,1159:902:2544:2866:2628:323:1011:844:207:2651,1
10:1.5,2170:1440:2149:256:422:1471:2719:1055:2520:2267,1210:1023:567:2816:1794:342:580:857:954:1439,183:1138:1001:215:1325:727:1164:840:830:797,766:1139:102:2074:1761:786:2368:2861:1029:1449,2065:2449:1724:2232:693:2667:878:2576:410:1089,1
10:1.5,1341:1588:137:1000:1794:1839:2190:64:2868:1677,1906:1029:2165:2137:2693:940:2079:1178:1445:921,390:2655:2901:1746:1711:1078:2123:234:1776:889,1541:2740:217:1077:1506:219:498:1680:1210:2146,20:2735:2250:2129:2503:760:2231:2690:1768:1135,1
10:1.5,731:569:2797:1245:1190:480:947:1438:1109:2836,419:1738:494:11:2367:1731:2892:1:1514:2664,2986:1654:186:455:1956:1946:561:754:1846:1849,100:1923:194:2096:77:1908:2377:286:2709:2418,1728:1639:2632:1572:335:2319:120:930:1618:1630,0
10:1.5,2503:2602:2426:2780:1218:2444:2857:515:1845:1459,2341:203:964:2875:2012:434:557:511:844:2291,1241:2508:967:1901:1590:2227:1082:2085:914:796,2980:2565:812:2090:642:1628:2595:111:458:1237,2394:2905:2138:2346:1855:786:199:2866:2066:2652,0
10:1.5,2262:602:2159:1346:999:1733:598:1178:928:1684,639:380:1039:898:1932:2450:1971:2459:1582:1648,921:10:625:1192:1081:171:2331:1117:1046:178,2847:2780:2950:1471:2596:1256:749:490:1495:2972,2882:1693:989:366:537:1689:2409:2009:1816:865,1
10:1.5,2497:1582:1262:2590:2136:218:763:1568:2557:281,1576:737:2586:2858:2540:1093:1070:154:1007:1278,1493:1493:2579:1474:1059:620:166:2531:1983:1285,506:224:1616:2063:2519:1109:2184:2414:1777:1764,1435:2955:333:2094:323:1535:1844:1389:402:1067,0
10:1.5,2690:1435:2546:103:128:561:119:2403:1606:2323,523:2531:66:633:1738:1912:1233:1620:751:2945,241:2316:1365:1877:227:1457:530:624:1752:2129,2896:2828:2015:1643:206:1928:1843:2693:2735:2919,802:135:688:2680:1809:862:1623:1980:1360:2592,0
10:1.5,2869:262:388:2215:1452:497:1803:925:1880:1506,1436:1763:2574:1219:2709:1061:2352:1969:36:1346,1952:130:2144:1376:2996:1988:1894:2446:809:1546,2145:2040:786:2047:788:1028:2876:2576:116:1626,1957:2923:1274:1781:1752:1260:928:1110:146:1606,1
10:1.5,2208:2053:2177:602:1634:1863:2017:2077:1358:1398,2435:1917:2310:1923:2115:2866:247:375:2462:2266,2056:1932:220:1294:2188:59:2432:992:1225:992,225:2511:763:169:823:976:873:2204:852:2607,937:1785:985:2230:2975:908:2907:1882:2990:2431,0
10:1.5,1663:292:2158:848:550:1077:1894:1561:1492:2857,1047:2138:2262:410:485:839:1575:1945:1075:659,2898:214:26:2210:692:514:2597:1588:2330:522,195:2260:1948:182:528:1293:2598:1598:1284:1419,1008:2216:2794:1752:1584:149:2432:160:2750:287,0
10:1.5,1473:1294:978:1685:1052:2816:331:2451:2696:339,365:1729:188:2026:1620:2883:1885:1830:1959:1531,2073:2197:1538:1837:430:1329:2438:33:2889:870,2368:2148:2071:741:1528:373:312:1524:1059:2247,1220:70:770:430:421:1627:979:1641:836:2784,1
10:1.5,1170:519:1394:936:123:515:2940:1177:2115:855,2423:2595:626:2904:494:383:2198:1004:746:800,1995:54:2038:1803:2024:1151:1535:2563:2413:1997,1220:2329:630:1759:2129:240:2690:195:1368:1665,2771:584:87:2416:312:2253:2815:140:1172:2450,1
10:1.5,472:1934:1489:371:1172:332:739:2152:1808:51,2607:2675:1388:2504:277:2215:2528:59:2706:1685,678:1676:352:201:109:2231:1325:472:1486:1829,1540:72:244:2321:2890:1651:742:2327:1841:2984,2755:1589:2232:2408:1801:1538:890:1807:1081:2454,1
10:1.5,723:550:1888:181:1687:87:691:584:174:2473,2421:440:1391:2664:1785:2390:1049:784:2080:335,2281:2955:1942:2327:326:2035:1822:1407:2740:182,1681:140:2335:1994:463:1225:72:158:2185:2675,1023:924:2562:905:2743:2642:526:288:1002:18,0
10:1.5,1177:1058:216:2779:2775:1746:470:1354:793:2069,1311:1836:324:63:2762:2677:2015:2128:941:1887,66:2037:1456:570:899:2502:781:1212:1874:611,382:2335:1161:237:1713:538:1837:1851:2274:1299,2047:457:1571:2688:2133:2121:2488:2384:1060:2462,0
10:1.5,1647:2961:1038:1797:181:2220:844:1014:1783:236,1554:449:617:1512:1634:1865:661:1726:2828:1963,336:652:2787:258:430:204:2713:743:212:475,1614:899:59:1228:2180:2482:2220:1721:236:2893,1909:812:1472:1439:2327:2973:2323:2924:111:2299,1
10:1.5,2360:2857:2728:1279:204:2007:2149:1203:2208:623,2915:1048:573:2436:549:744:546:1844:2900:2381,793:1988:928:2560:1860:1618:1776:2973:749:2698,1224:1108:693:2905:807:579:1238:2889:322:869,510:2122:1011:2788:1496:530:2146:189:1093:2636,1
10:1.5,848:565:1666:2093:2168:250:2260:1275:452:1421,707:2575:2829:1064:1769:1991:1492:2541:1699:711,1730:2209:193:423:1699:1681:2544:1373:1142:1186,756:9:2933:2932:740:2121:2628:2172:507:19,607:331:891:787:224:1869:1014:964:836:2828,0
10:1.5,2059:573:752:2735:2170:1898:2982:2986:817:1851,1011:695:1470:2698:1882:376:2211:2176:2650:2695,1576:2055:1894:213:2982:2427:1160:1059:516:2166,1634:2243:1702:1478:710:644:348:1108:2789:2605,1762:448:1915:1947:1801:1028:2093:1566:353:2100,1
10:1.5,753:770:2069:2285:1432:2072:1317:933:2486:763,1227:2582:853:933:816:923:716:97:2107:411,2002:326:2960:2211:2036:2927:2927:1155:2729:805,1284:941:2518:373:2014:2101:2504:1510:2947:1423,2490:2449:1332:2947:1756:1419:2933:2841:1751:476,0
10:1.5,2086:2260:2661:2922:59:2768:1057:1906:2463:93,2652:2078:2198:2918:1930:823:1414:2069:2879:2255,1712:2541:779:1757:2189:202:639:636:1803:1811,2775:292:1145:2891:2570:2020:2840:2320:430:2661,1447:2190:1095:337:1398:773:2884:977:2623:1148,0
10:1.5,1413:1542:1151:818:1965:764:303:2520:2122:163,2340:1627:1392:1866:2809:2072:1929:49:844:2995,2998:1418:2896:2855:1900:968:2453:2927:1314:1082,826:2415:1469:1709:2638:2535:1466:461:2639:390,2418:2047:1699:1593:1855:1250:1885:2220:738:615,0
10:1.5,189:2688:2613:2995:2605:938:356:420:2062:969,337:1461:839:1342:2723:586:464:124:2860:362,2871:224:2819:590:1198:556:1880:2448:534:2788,601:1190:2623:133:724:634:1258:74:2460:2196,1162:426:2305:2718:2046:2097:1032:2198:1492:1987,0
10:1.5,1752:1176:2772:979:1158:57:190:2395:995:1325,2638:2640:2657:2449:2792:2439:323:1062:1617:236,2450:614:1453:1761:1104:2568:1460:483:1555:659,1524:1660:1312:236:2865:1080:2727:38:1250:1371,1075:1841:1249:2139:70:1098:1277:1614:940:456,0
10:1.5,55:270:602:311:2293:1705:1853:1337:2584:2837,2614:2272:577:212:1813:1408:1145:1644:510:1475,631:1546:1891:2479:1925:1607:1992:731:778:1228,2041:1938:1379:1443:1576:1911:1489:1667:1323:2787,121:310:1334:1388:2238:732:895:992:2946:276,1
10:1.5,981:2865:2278:927:2758:2684:2819:643:953:1270,771:2018:2702:1815:1046:271:1673:1056:729:5,125:2020:2210:421:2986:1225:1281:1938:911:773,17:693:671:451:207:1981:457:111:59:1125,1252:1372:2153:324:2124:2305:179:1223:2383:985,0
10:1.5,1088:90:1595:730:900:2838:257:601:1169:2812,2623:2332:2914:2978:2747:765:2851:785:99:192,1076:926:2740:1776:1147:1955:741:2796:1733:1257,362:2625:915:424:930:1885:220:575:1609:726,1114:918:2258:600:1308:2228:528:1823:2986:1656,0
10:1.5,1424:2311:1897:575:1704:1098:53:961:80:2972,2155:402:109:338:1050:644:2524:1899:2459:1246,1473:169:418:851:2715:1780:1716:1124:1910:1515,2693:2163:286:2367:783:1588:1869:2865:2310:2065,2172:1061:1547:2750:1924:1436:2323:2000:2997:2167,1
10:1.5,1190:1753:1431:751:1469:909:1725:97:1146:41,2493:1959:1758:1440:1741:1195:393:1581:902:1634,1605:2221:2434:2604:1369:705:942:2980:1072:165,2465:1504:2730:2474:2114:1272:286:2412:1812:487,1281:2531:678:2892:2138:1165:2504:423:860:820,0
10:1.5,594:212:1488:1120:2828:2879:2318:217:204:1818,2272:1199:1728:980:2537:419:982:258:1471:981,2062:2792:1957:559:2294:848:471:38:835:2578,1000:2009:1814:1648:63:2197:746:1517:1053:2067,2648:1656:563:175:2008:2919:843:2899:1997:2704,0
10:1.5,865:779:1855:915:2980:988:2897:1166:504:386,2321:500:954:1187:2451:1104:2828:507:1562:2022,2334:532:925:900:1544:2202:422:2065:2727:53,755:2741:1723:1222:194:420:946:2708:587:2657,876:2430:462:574:1367:124:2224:2094:682:1394,1
10:1.5,1223:2241:1687:2501:967:126:1021:2466:2800:2774,1204:235:1498:1032:2649:1252:1727:2490:1931:2291,1071:746:2762:1281:572:2174:2454:651:249:2205,903:588:663:436:2028:2269:1359:525:1067:2821,1141:2221:1662:1429:1100:2907:1660:1659:803:1193,0
10:1.5,907:707:623:2827:280:34:747:20:1351:2567,2264:1511:1443:1917:1643:406:428:1991:2829:968,1130:2069:445:90:2069:777:1055:2696:2888:2647,2458:138:478:2027:2915:112:2242:831:2677:1584,2440:929:2119:2298:1425:488:379:1760:93:1243,1
10:1.5,1692:1477:302:727:1328:160:164:251:471:254,2207:506:2626:330:976:2462:1805:1135:2990:2384,2380:1301:2802:2958:1090:730:904:2262:76:2461,2205:2237:501:2839:330:532:622:2750:2594:1123,2327:2241:1632:2592:91:2674:2280:2916:727:742,1
10:1.5,2427:2214:2612:1713:1615:1328:120:2073:1682:862,1135:886:1031:1783:2937:2165:2565:1638:2455:1842,2853:2389:1055:693:1422:2425:2630:1144:2700:2298,1974:409:2180:1098:625:1611:2480:2659:2383:1430,2801:1450:2156:1231:1359:2973:2235:1796:1995:1554,0
10:1.5,2440:2799:570:2096:1405:2218:2567:2852:1648:644,1873:1230:788:68:607:2567:1646:2411:1646:2441,1973:483:2389:2670:178:1209:2025:27:2734:475,201:888:18:1594:820:2878:1903:2640:1835:1858,501:1322:345:2698:1514:2166:997:1606:2772:93,1
10:1.5,724:280:1002:1003:643:1931:132:801:617:1912,683:2994:1536:757:1575:1078:2347:2530:2674:975,153:60:1497:1588:1298:1406:298:496:2794:2870,2586:1907:1528:1432:537:1074:1027:1119:2484:589,2010:2576:1629:1717:547:1138:1269:2897:2776:483,1
10:1.5,2762:1437:1272:504:548:347:471:2813:1789:709,2313:2636:1761:1300:910:2968:1153:1591:238:1151,2558:2291:2118:2496:1023:2310:30:1077:1205:208,2001:2979:1359:1652:1144:221:758:2243:2486:2103,2164:1266:2849:1508:89:1560:4:503:612:1413,1
10:1.5,2100:1456:1730:2072:2148:689:213:2327:2375:1559,2641:2557:1096:724:1522:2378:801:2028:1025:2401,395:700:2491:2315:187:1552:292:1641:2808:727,1926:450:2591:919:1528:961:1219:853:261:2125,249:2489:2791:1371:907:2736:2040:328:1851:1963,0
10:1.5,398:1573:1620:1709:1956:2996:2615:646:2248:1879,261:2593:1844:214:1515:1036:700:2109:2889:2128,2132:534:1504:332:126:1109:2282:1557:1785:2629,2575:2268:103:2286:2749:1854:928:249:857:301,632:1775:2246:1727:1674:824:2408:264:829:2318,1
10:1.5,1995:587:2443:2653:1984:1465:1985:2658:35:2204,374:2527:183:1891:2181:1142:2581:2689:1591:1318,1266:459:772:2600:354:1174:1778:1915:278:2787,1669:1488:1343:155:410:599:2193:1125:1397:32,1896:2145:1288:1729:622:1167:1429:1003:517:1748,1
10:1.5,851:1309:2259:1013:418:738:2677:468:2478:1527,2290:2296:779:2832:1718:2247:741:951:1474:236,2295:528:446:1279:1089:2207:2748:801:2457:2024,53:1630:970:1986:1283:2765:1699:1636:334:797,2369:1227:475:774:823:199:851:2449:234:2349,0
10:1.5,1274:342:907:705:1688:2223:1889:1438:2717:1581,2560:1434:2274:2018:756:2255:359:1490:1941:1953,978:840:2819:1309:1597:2786:1011:2233:1255:726,587:2936:2686:909:1882:39:1323:2096:1304:504,1867:2622:2393:2906:2161:2461:2008:1690:28:574,0
10:1.5,730:1413:2146:17:1147:1806:2888:237:2464:324,526:2312:788:2147:100:843:1299:1603:443:129,543:423:2940:298:201:914:537:2096:2928:1348,214:1765:1321:102:159:1096:2735:2310:1477:772,951:1978:2455:2157:2874:2054:24:1666:1159:1553,1
